{"cameraMode":{"drawMode":0,"name":"Shaded","section":"Shading Mode"},"sceneLighting":true,"audioPlay":false,"sceneViewState":{"showFog":true,"showMaterialUpdate":false,"showSkybox":true,"showFlares":true,"showImageEffects":true,"showParticleSystems":true},"in2DMode":false,"pivot":{"x":-0.9185380935668945,"y":1.4421782493591309,"z":-1.7931206226348878},"rotation":{"x":0.065557561814785,"y":-0.8595806360244751,"z":0.11412837356328964,"w":0.4937609136104584},"size":9.193060874938965,"orthographic":false}