{"cameraMode":{"drawMode":0,"name":"Shaded","section":"Shading Mode"},"sceneLighting":true,"audioPlay":false,"sceneViewState":{"showFog":true,"showMaterialUpdate":false,"showSkybox":true,"showFlares":true,"showImageEffects":true,"showParticleSystems":true},"in2DMode":false,"pivot":{"x":-1.212550163269043,"y":2.0359673500061037,"z":1.4443694353103638},"rotation":{"x":-0.17358669638633729,"y":0.759323239326477,"z":-0.22519460320472718,"w":-0.5853084921836853},"size":9.193060874938965,"orthographic":false}